nombre,region,distrito,partido,correo
"Aguiló Melo, Sergio",VII de del Maule,37,Independientes,saguilo@congreso.cl
"Alvarez Vera, Jenny",X de de los Lagos,58,Partido Socialista,jenny.alvarez@congreso.cl
"Alvarez-Salamanca Ramírez, Pedro Pablo",VII de del Maule,38,Unión Demócrata Independiente,palvarez-salamanca@congreso.cl
"Andrade Lara, Osvaldo",RM de Metropolitana,29,Partido Socialista,oandrade@congreso.cl
"Arriagada Macaya, Claudio",RM de Metropolitana,25,Partido Demócrata Cristiano,claudio.arriagada@congreso.cl
"Auth Stewart, Pepe",RM de Metropolitana,20,Partido Por la Democracia,pepeauth@congreso.cl
"Barros Montero, Ramón",VI de del Libertador Bernardo O' Higgins,35,Unión Demócrata Independiente,jbarros@congreso.cl
"Becker Alvear, Germán",IX de de la Araucanía,50,Renovación Nacional,gbecker@congreso.cl
"Bellolio Avaria, Jaime",RM de Metropolitana,30,Unión Demócrata Independiente,jaime.bellolio@congreso.cl
"Berger Fett, Bernardo",XIV de de los Ríos,53,Renovación Nacional,bernardo.berger@congreso.cl
"Boric Font, Gabriel",XII de de Magallanes y de la Antártica Chilena,60,Independientes,gabriel.boric@congreso.cl
"Browne Urrejola, Pedro",RM de Metropolitana,28,Independientes,pbrowne@congreso.cl
"Campos Jara, Cristián",VIII de del Bío Bío,43,Partido Por la Democracia,ccampos@congreso.cl
"Cariola Oliva, Karol",RM de Metropolitana,19,Partido Comunista,karol.cariola@congreso.cl
"Carmona Soto, Lautaro",III de de Atacama,5,Partido Comunista,lcarmona@congreso.cl
"Carvajal Ambiado, Loreto",VIII de del Bío Bío,42,Partido Por la Democracia,loreto.carvajal@congreso.cl
"Castro González, Juan Luis",VI de del Libertador Bernardo O' Higgins,32,Partido Socialista,jlcastro@congreso.cl
"Ceroni Fuentes, Guillermo",VII de del Maule,40,Partido Por la Democracia,gceroni@congreso.cl
"Chahin Valenzuela, Fuad",IX de de la Araucanía,49,Partido Demócrata Cristiano,fchahin@congreso.cl
"Chávez Velásquez, Marcelo",VIII de del Bío Bío,45,Partido Demócrata Cristiano,marcelo.chavez@congreso.cl
"Cicardini Milla, Daniella",III de de Atacama,5,Partido Socialista,daniella.cicardini@congreso.cl
"Coloma Alamos, Juan Antonio",RM de Metropolitana,31,Unión Demócrata Independiente,juanantoniocoloma@congreso.cl
"Cornejo González, Aldo",V de de Valparaíso,13,Partido Demócrata Cristiano,acornejo@congreso.cl
"De Mussy Hiriart, Felipe",X de de los Lagos,56,Unión Demócrata Independiente,fdemussy@congreso.cl
"Edwards Silva, José Manuel",IX de de la Araucanía,51,Renovación Nacional,jmedwards@congreso.cl
"Espejo Yaksic, Sergio",VI de del Libertador Bernardo O' Higgins,35,Partido Demócrata Cristiano,sergio.espejo@congreso.cl
"Espinosa Monardes, Marcos",II de de Antofagasta,3,Partido Radical Social Demócrata,mespinosa@congreso.cl
"Espinoza Sandoval, Fidel",X de de los Lagos,56,Partido Socialista,fespinoza@congreso.cl
"Farcas Guendelman, Daniel",RM de Metropolitana,17,Partido Por la Democracia,daniel.farcas@congreso.cl
"Farías Ponce, Ramón",RM de Metropolitana,25,Partido Por la Democracia,rfarias@congreso.cl
"Fernández Allende, Maya",RM de Metropolitana,21,Partido Socialista,maya.fernandez@congreso.cl
"Flores García, Iván",XIV de de los Ríos,53,Partido Demócrata Cristiano,ivan.flores@congreso.cl
"Fuentes Castillo, Iván",XI de de Aysén del General Carlos Ibáñez del Campo,59,Independientes,ivan.fuentes@congreso.cl
"Fuenzalida Figueroa, Gonzalo",XIV de de los Ríos,54,Renovación Nacional,gonzalo.fuenzalida@congreso.cl
"Gahona Salazar, Sergio",IV de de Coquimbo,7,Unión Demócrata Independiente,sergio.gahona@congreso.cl
"García García, René Manuel",IX de de la Araucanía,52,Renovación Nacional,rmgarcia@congreso.cl
"Girardi Lavín, Cristina",RM de Metropolitana,18,Partido Por la Democracia,cgirardi@congreso.cl
"Godoy Ibáñez, Joaquín",V de de Valparaíso,13,Independientes,jgodoy@congreso.cl
"González Torres, Rodrigo",V de de Valparaíso,14,Partido Por la Democracia,rodrigogonzalez@congreso.cl
"Gutiérrez Gálvez, Hugo",I de de Tarapacá,2,Partido Comunista,hgutierrez@congreso.cl
"Gutiérrez Pino, Romilio",VII de del Maule,39,Unión Demócrata Independiente,rgutierrez@congreso.cl
"Hasbún Selume, Gustavo",RM de Metropolitana,26,Unión Demócrata Independiente,ghasbun@congreso.cl
"Hernández Hernández, Javier",X de de los Lagos,55,Unión Demócrata Independiente,jhernandez@congreso.cl
"Hernando Pérez, Marcela",II de de Antofagasta,4,Partido Radical Social Demócrata,marcela.hernando@congreso.cl
"Hoffmann Opazo, María José",V de de Valparaíso,15,Unión Demócrata Independiente,mjhoffmann@congreso.cl
"Insunza Gregorio de las Heras, Jorge",IV de de Coquimbo,9,Partido Por la Democracia,jorge.insunza@congreso.cl
"Jackson Drago, Giorgio",RM de Metropolitana,22,Independientes,giorgio.jackson@congreso.cl
"Jaramillo Becker, Enrique",XIV de de los Ríos,54,Partido Por la Democracia,ejaramil@congreso.cl
"Jarpa Wevar, Carlos Abel",VIII de del Bío Bío,41,Partido Radical Social Demócrata,cjarpa@congreso.cl
"Jiménez Fuentes, Tucapel",RM de Metropolitana,27,Partido Por la Democracia,tjimenez@congreso.cl
"Kast Rist, José Antonio",RM de Metropolitana,24,Unión Demócrata Independiente,jkast@congreso.cl
"Kast Sommerhoff, Felipe",RM de Metropolitana,22,Independientes,felipe.kast@congreso.cl
"Kort Garriga, Issa",VI de del Libertador Bernardo O' Higgins,32,Unión Demócrata Independiente,ikort@congreso.cl
"Lavín León, Joaquín",RM de Metropolitana,20,Unión Demócrata Independiente,joaquin.lavin@congreso.cl
"Lemus Aracena, Luis",IV de de Coquimbo,9,Partido Socialista,llemus@congreso.cl
"León Ramírez, Roberto",VII de del Maule,36,Partido Demócrata Cristiano,rleon@congreso.cl
"Letelier Norambuena, Felipe",VI de del Libertador Bernardo O' Higgins,33,Partido Por la Democracia,felipe.letelier@congreso.cl
"Lorenzini Basso, Pablo",VII de del Maule,38,Partido Demócrata Cristiano,plorenzi@congreso.cl
"Macaya Danús, Javier",VI de del Libertador Bernardo O' Higgins,34,Unión Demócrata Independiente,jmacaya@congreso.cl
"Martínez Labbé, Rosauro",VIII de del Bío Bío,41,Renovación Nacional,romar@congreso.cl
"Melero Abaroa, Patricio",RM de Metropolitana,16,Unión Demócrata Independiente,pmelero@congreso.cl
"Melo Contreras, Daniel",RM de Metropolitana,27,Partido Socialista,daniel.melo@congreso.cl
"Meza Moncada, Fernando",IX de de la Araucanía,52,Partido Radical Social Demócrata,fmeza@congreso.cl
"Mirosevic Verdugo, Vlado",XV de Arica y Parinacota,1,Partido Liberal de Chile,vlado.mirosevic@congreso.cl
"Molina Oliva, Andrea",V de de Valparaíso,10,Unión Demócrata Independiente,amolina@congreso.cl
"Monckeberg Bruner, Cristián",RM de Metropolitana,23,Renovación Nacional,cmonckeberg@congreso.cl
"Monckeberg Díaz, Nicolás",RM de Metropolitana,18,Renovación Nacional,nmonckeberg@congreso.cl
"Monsalve Benavides, Manuel",VIII de del Bío Bío,46,Partido Socialista,mmonsalve@congreso.cl
"Morales Muñoz, Celso",VII de del Maule,36,Unión Demócrata Independiente,cmorales@congreso.cl
"Morano Cornejo, Juan Enrique",XII de de Magallanes y de la Antártica Chilena,60,Partido Demócrata Cristiano,juan.morano@congreso.cl
"Nogueira Fernández, Claudia",RM de Metropolitana,19,Unión Demócrata Independiente,cnogueira@congreso.cl
"Norambuena Farías, Iván",VIII de del Bío Bío,46,Unión Demócrata Independiente,inorambuena@congreso.cl
"Núñez Arancibia, Daniel",IV de de Coquimbo,8,Partido Comunista,daniel.nunez@congreso.cl
"Núñez Lozano, Marco Antonio",V de de Valparaíso,11,Partido Por la Democracia,mnunez@congreso.cl
"Núñez Urrutia, Paulina",II de de Antofagasta,4,Renovación Nacional,paulina.nunez@congreso.cl
"Ojeda Uribe, Sergio",X de de los Lagos,55,Partido Demócrata Cristiano,sojeda@congreso.cl
"Ortiz Novoa, José Miguel",VIII de del Bío Bío,44,Partido Demócrata Cristiano,jmortiz@congreso.cl
"Pacheco Rivas, Clemira",VIII de del Bío Bío,45,Partido Socialista,cpacheco@congreso.cl
"Pascal Allende, Denise",RM de Metropolitana,31,Partido Socialista,dpascal@congreso.cl
"Paulsen Kehr, Diego",IX de de la Araucanía,49,Renovación Nacional,diego.paulsen@congreso.cl
"Pérez Arriagada, José",VIII de del Bío Bío,47,Partido Radical Social Demócrata,jperez@congreso.cl
"Pérez Lahsen, Leopoldo",RM de Metropolitana,29,Renovación Nacional,lperezl@congreso.cl
"Pilowsky Greene, Jaime",RM de Metropolitana,24,Partido Demócrata Cristiano,jaime.pilowsky@congreso.cl
"Poblete Zapata, Roberto",VIII de del Bío Bío,47,Independientes,roberto.poblete@congreso.cl
"Provoste Campillay, Yasna",III de de Atacama,6,Partido Demócrata Cristiano,yasna.provoste@congreso.cl
"Rathgeb Schifferli, Jorge",IX de de la Araucanía,48,Renovación Nacional,jorge.rathgeb@congreso.cl
"Rincón González, Ricardo",VI de del Libertador Bernardo O' Higgins,33,Partido Demócrata Cristiano,rrincon@congreso.cl
"Rivas Sánchez, Gaspar",V de de Valparaíso,11,Independientes,grivas@congreso.cl
"Robles Pantoja, Alberto",III de de Atacama,6,Partido Radical Social Demócrata,arobles@congreso.cl
"Rocafull López, Luis",XV de Arica y Parinacota,1,Partido Socialista,luis.rocafull@congreso.cl
"Rubilar Barahona, Karla",RM de Metropolitana,17,Independientes,krubilar@congreso.cl
"Sabag Villalobos, Jorge",VIII de del Bío Bío,42,Partido Demócrata Cristiano,jsabag@congreso.cl
"Sabat Fernández, Marcela",RM de Metropolitana,21,Renovación Nacional,msabat@congreso.cl
"Saffirio Espinoza, René",IX de de la Araucanía,50,Partido Demócrata Cristiano,rsaffirio@congreso.cl
"Saldívar Auger, Raúl",IV de de Coquimbo,7,Partido Socialista,raul.saldivar@congreso.cl
"Sandoval Plaza, David",XI de de Aysén del General Carlos Ibáñez del Campo,59,Unión Demócrata Independiente,dsandoval@congreso.cl
"Santana Tirachini, Alejandro",X de de los Lagos,58,Renovación Nacional,asantana@congreso.cl
"Schilling Rodríguez, Marcelo",V de de Valparaíso,12,Partido Socialista,schilling@congreso.cl
"Sepúlveda Orbenes, Alejandra",VI de del Libertador Bernardo O' Higgins,34,Independientes,asepulveda@congreso.cl
"Silber Romo, Gabriel",RM de Metropolitana,16,Partido Demócrata Cristiano,gsilber@congreso.cl
"Silva Méndez, Ernesto",RM de Metropolitana,23,Unión Demócrata Independiente,esilva@congreso.cl
"Soto Ferrada, Leonardo",RM de Metropolitana,30,Partido Socialista,leonardo.soto@congreso.cl
"Squella Ovalle, Arturo",V de de Valparaíso,12,Unión Demócrata Independiente,asquella@congreso.cl
"Tarud Daccarett, Jorge",VII de del Maule,39,Partido Por la Democracia,jtarud@congreso.cl
"Teillier Del Valle, Guillermo",RM de Metropolitana,28,Partido Comunista,gteillier@congreso.cl
"Torres Jeldes, Víctor",V de de Valparaíso,15,Partido Demócrata Cristiano,vtorres@congreso.cl
"Trisotti Martínez, Renzo",I de de Tarapacá,2,Unión Demócrata Independiente,renzo.trisotti@congreso.cl
"Tuma Zedan, Joaquín",IX de de la Araucanía,51,Partido Por la Democracia,jtuma@congreso.cl
"Turres Figueroa, Marisol",X de de los Lagos,57,Unión Demócrata Independiente,mturres@congreso.cl
"Ulloa Aguillón, Jorge",VIII de del Bío Bío,43,Unión Demócrata Independiente,julloa@congreso.cl
"Urízar Muñoz, Christian",V de de Valparaíso,10,Partido Socialista,christian.urizar@congreso.cl
"Urrutia Bonilla, Ignacio",VII de del Maule,40,Unión Demócrata Independiente,iurrutia@congreso.cl
"Urrutia Soto, Osvaldo",V de de Valparaíso,14,Unión Demócrata Independiente,osvaldo.urrutia@congreso.cl
"Vallejo Dowling, Camila",RM de Metropolitana,26,Partido Comunista,camila.vallejo@congreso.cl
"Vallespín López, Patricio",X de de los Lagos,57,Partido Demócrata Cristiano,pvallespin@congreso.cl
"Van Rysselberghe Herrera, Enrique",VIII de del Bío Bío,44,Unión Demócrata Independiente,evr@congreso.cl
"Venegas Cárdenas, Mario",IX de de la Araucanía,48,Partido Demócrata Cristiano,mvenegas@congreso.cl
"Verdugo Soto, Germán",VII de del Maule,37,Renovación Nacional,gverdugo@congreso.cl
"Walker Prieto, Matías",IV de de Coquimbo,8,Partido Demócrata Cristiano,mwalker@congreso.cl
"Ward Edwards, Felipe",II de de Antofagasta,3,Unión Demócrata Independiente,fw120@congreso.cl